woo_code,sap_code,name,city_name,state_code
CL_100,165,ALGARROBO,SAN ANTONIO,5
CL_101,420,ALHUE,MELIPILLA,13
CL_102,299,ALTO BIOBIO,LOS ANGELES,8
CL_103,129,ALTO DEL CARMEN,ALTO DEL CARMEN,3
CL_104,109,ALTO HOSPICIO,IQUIQUE,1
CL_105,365,ANCUD,ANCUD,10
CL_106,133,ANDACOLLO,COQUIMBO,4
CL_107,300,ANGOL,ANGOL,9
CL_108,448,ANTARTICA,ANTARTICA,12
CL_109,114,ANTOFAGASTA,ANTOFAGASTA,2
CL_110,298,ANTUCO,LOS ANGELES,8
CL_111,279,ARAUCO,LEBU,8
CL_112,101,ARICA,ARICA,15
CL_113,374,AYSEN,AYSEN,11
CL_114,444,BUIN,SANTIAGO,13
CL_115,258,BULNES,CONCEPCION,16
CL_116,148,CABILDO,LA LIGUA,5
CL_117,393,CABO DE HORNOS,PUERTO WILLIAMS,12
CL_118,295,CABRERO,LOS ANGELES,8
CL_119,118,CALAMA,CALAMA,2
CL_120,359,CALBUCO,PUERTO MONTT,10
CL_121,124,CALDERA,COPIAPO,3
CL_122,443,CALERA DE TANGO,SANTIAGO,13
CL_123,180,CALLE LARGA,LOS ANDES,5
CL_124,102,CAMARONES,ARICA,15
CL_125,107,CAMINA,POZO ALMONTE,1
CL_126,144,CANELA,ILLAPEL,4
CL_127,283,CANETE,LEBU,8
CL_128,319,CARAHUE,TEMUCO,9
CL_129,162,CARTAGENA,SAN ANTONIO,5
CL_130,155,CASABLANCA,CASABLANCA,5
CL_131,360,CASTRO,CASTRO,10
CL_132,175,CATEMU,SAN FELIPE,5
CL_133,243,CAUQUENES,CAUQUENES,7
CL_134,407,CERRILLOS,SANTIAGO,13
CL_135,404,CERRO NAVIA,SANTIAGO,13
CL_136,370,CHAITEN,CHAITEN,10
CL_137,245,CHANCO,CAUQUENES,7
CL_138,121,CHANARAL,CHANARAL,3
CL_139,208,CHEPICA,SAN FERNANDO,6
CL_140,277,CHIGUAYANTE,CONCEPCION,8
CL_141,377,CHILE CHICO,CHILE CHICO,11
CL_142,246,CHILLAN,CHILLAN,16
CL_143,266,CHILLAN VIEJO,CHILLAN,16
CL_144,201,CHIMBARONGO,SAN FERNANDO,6
CL_145,331,CHOLCHOL,TEMUCO,9
CL_146,361,CHONCHI,CASTRO,10
CL_147,375,CISNES,AYSEN,11
CL_148,252,COBQUECURA,CHILLAN,16
CL_149,352,COCHAMO,PUERTO MONTT,10
CL_150,379,COCHRANE,COCHRANE,11
CL_151,189,CODEGUA,RANCAGUA,6
CL_152,265,COELEMU,CHILLAN,16
CL_153,248,COIHUECO,COIHUECO,16
CL_154,198,COINCO,RANCAGUA,6
CL_155,237,COLBUN,LINARES,7
CL_156,108,COLCHANE,POZO ALMONTE,1
CL_157,408,COLINA,SANTIAGO,13
CL_158,304,COLLIPULLI,ANGOL,9
CL_159,188,COLTAUCO,RANCAGUA,6
CL_160,139,COMBARBALA,COMBARBALA,4
CL_161,267,CONCEPCION,CONCEPCION,8
CL_162,402,CONCHALI,SANTIAGO,13
CL_163,159,CONCON,VIÑA DEL MAR,5
CL_164,232,CONSTITUCION,TALCA,7
CL_165,284,CONTULMO,LEBU,8
CL_166,123,COPIAPO,COPIAPO,3
CL_167,132,COQUIMBO,COQUIMBO,4
CL_168,273,CORONEL,CONCEPCION,8
CL_169,337,CORRAL,VALDIVIA,14
CL_170,382,COYHAIQUE,COYHAIQUE,11
CL_171,314,CUNCO,CUNCO,9
CL_172,309,CURACAUTIN,MALLECO,9
CL_173,418,CURACAVI,CURACAVI,13
CL_174,368,CURACO DE VELEZ,CASTRO,10
CL_175,280,CURANILAHUE,LEBU,8
CL_176,328,CURARREHUE,TEMUCO,9
CL_177,231,CUREPTO,CUREPTO,7
CL_178,216,CURICO,CURICO,7
CL_179,367,DALCAHUE,CASTRO,10
CL_180,122,DIEGO DE ALMAGRO,CHANARAL,3
CL_181,187,DONIHUE,RANCAGUA,6
CL_182,438,EL BOSQUE,SANTIAGO,13
CL_183,263,EL CARMEN,CHILLAN,16
CL_184,413,EL MONTE,SANTIAGO,13
CL_185,164,EL QUISCO,SAN ANTONIO,5
CL_186,163,EL TABO,SAN ANTONIO,5
CL_187,233,EMPEDRADO,TALCA,7
CL_188,305,ERCILLA,ANGOL,9
CL_189,405,ESTACION CENTRAL,SANTIAGO,13
CL_190,270,FLORIDA,CONCEPCION,8
CL_191,313,FREIRE,TEMUCO,9
CL_192,127,FREIRINA,VALLENAR,3
CL_193,354,FRESIA,PUERTO MONTT,10
CL_194,355,FRUTILLAR,PUERTO MONTT,10
CL_195,372,FUTALEUFU,CHAITEN,10
CL_196,336,FUTRONO,LA UNION,14
CL_197,317,GALVARINO,TEMUCO,9
CL_198,111,GENERAL LAGOS,PUTRE,15
CL_199,322,GORBEA,TEMUCO,9
CL_200,185,GRANEROS,RANCAGUA,6
CL_201,376,GUAITECAS,AYSEN,11
CL_202,168,HIJUELAS,QUILLOTA,5
CL_203,371,HUALAIHUE,CHAITEN,10
CL_204,222,HUALANE,CURICO,7
CL_205,278,HUALPEN,CONCEPCION,8
CL_206,269,HUALQUI,CONCEPCION,8
CL_207,106,HUARA,POZO ALMONTE,1
CL_208,128,HUASCO,VALLENAR,3
CL_209,406,HUECHURABA,SANTIAGO,13
CL_210,141,ILLAPEL,ILLAPEL,4
CL_211,396,INDEPENDENCIA,SANTIAGO,13
CL_212,103,IQUIQUE,IQUIQUE,1
CL_213,412,ISLA DE MAIPO,SANTIAGO,13
CL_214,145,ISLA DE PASCUA,ISLA DE PASCUA,5
CL_215,158,JUAN FERNANDEZ,JUAN FERNANDEZ,5
CL_216,169,LA CALERA,QUILLOTA,5
CL_217,431,LA CISTERNA,SANTIAGO,13
CL_218,170,LA CRUZ,QUILLOTA,5
CL_219,213,LA ESTRELLA,PICHILEMU,6
CL_220,424,LA FLORIDA,SANTIAGO,13
CL_221,432,LA GRANJA,SANTIAGO,13
CL_222,131,LA HIGUERA,COQUIMBO,4
CL_223,146,LA LIGUA,LA LIGUA,5
CL_224,434,LA PINTANA,SANTIAGO,13
CL_225,425,LA REINA,SANTIAGO,13
CL_226,130,LA SERENA,LA SERENA,4
CL_227,340,LA UNION,LA UNION,14
CL_228,343,LAGO RANCO,LA UNION,14
CL_229,383,LAGO VERDE,COYHAIQUE,11
CL_230,389,LAGUNA BLANCA,PUNTA ARENAS,12
CL_231,288,LAJA,LOS ANGELES,8
CL_232,409,LAMPA,SANTIAGO,13
CL_233,334,LANCO,VALDIVIA,14
CL_234,191,LAS CABRAS,RANCAGUA,6
CL_235,423,LAS CONDES,SANTIAGO,13
CL_236,315,LAUTARO,TEMUCO,9
CL_237,281,LEBU,LEBU,8
CL_238,220,LICANTEN,CURICO,7
CL_239,171,LIMACHE,QUILLOTA,5
CL_240,235,LINARES,LINARES,7
CL_241,212,LITUECHE,PICHILEMU,6
CL_242,356,LLANQUIHUE,PUERTO MONTT,10
CL_243,178,LLAY-LLAY,SAN FELIPE,5
CL_244,429,LO BARNECHEA,SANTIAGO,13
CL_245,437,LO ESPEJO,SANTIAGO,13
CL_246,403,LO PRADO,SANTIAGO,13
CL_247,205,LOLOL,SAN FERNANDO,6
CL_248,324,LONCOCHE,LONCOCHE,9
CL_249,238,LONGAVI,LINARES,7
CL_250,310,LONQUIMAY,ANGOL,9
CL_251,282,LOS ALAMOS,LEBU,8
CL_252,179,LOS ANDES,LOS ANDES,5
CL_253,286,LOS ANGELES,LOS ANGELES,8
CL_254,335,LOS LAGOS,VALDIVIA,14
CL_255,358,LOS MUERMOS,PUERTO MONTT,10
CL_256,302,LOS SAUCES,ANGOL,9
CL_257,143,LOS VILOS,ILLAPEL,4
CL_258,274,LOTA,CONCEPCION,8
CL_259,307,LUMACO,ANGOL,9
CL_260,184,MACHALI,RANCAGUA,6
CL_261,426,MACUL,SANTIAGO,13
CL_262,338,MAFIL,VALDIVIA,14
CL_263,398,MAIPU,SANTIAGO,13
CL_264,197,MALLOA,RANCAGUA,6
CL_265,214,MARCHIGUE,PICHILEMU,6
CL_266,113,MARIA ELENA,TOCOPILLA,2
CL_267,417,MARIA PINTO,MELIPILLA,13
CL_268,333,MARIQUINA,VALDIVIA,14
CL_269,230,MAULE,TALCA,7
CL_270,357,MAULLIN,PUERTO MONTT,10
CL_271,116,MEJILLONES,ANTOFAGASTA,2
CL_272,327,MELIPEUCO,TEMUCO,9
CL_273,416,MELIPILLA,MELIPILLA,13
CL_274,223,MOLINA,CURICO,7
CL_275,137,MONTE PATRIA,MONTE PATRIA,4
CL_276,186,SAN FCO DE MOSTAZAL,RANCAGUA,6
CL_277,292,MULCHEN,LOS ANGELES,8
CL_278,290,NACIMIENTO,LOS ANGELES,8
CL_279,202,NANCAGUA,SAN FERNANDO,6
CL_280,384,NATALES,PUERTO NATALES,12
CL_281,211,NAVIDAD,PICHILEMU,6
CL_282,291,NEGRETE,LOS ANGELES,8
CL_283,250,NINHUE,CHILLAN,16
CL_284,167,NOGALES,QUILLOTA,5
CL_285,318,NUEVA IMPERIAL,NUEVA IMPERIAL,9
CL_286,255,NIQUEN,CHILLAN,16
CL_287,422,ÑUÑOA,SANTIAGO,13
CL_288,380,OHIGGINS,COCHRANE,11
CL_289,196,OLIVAR,RANCAGUA,6
CL_290,119,OLLAGUE,CALAMA,2
CL_291,172,OLMUE,QUILLOTA,5
CL_292,344,OSORNO,OSORNO,10
CL_293,136,OVALLE,OVALLE,4
CL_294,415,PADRE HURTADO,SANTIAGO,13
CL_295,330,PADRE LAS CASAS,TEMUCO,9
CL_296,135,PAIHUANO,COQUIMBO,4
CL_297,341,PAILLACO,VALDIVIA,14
CL_298,445,PAINE,SANTIAGO,13
CL_299,373,PALENA,CHAITEN,10
CL_300,206,PALMILLA,SAN FERNANDO,6
CL_301,339,PANGUIPULLI,VALDIVIA,14
CL_302,174,PANQUEHUE,SAN FELIPE,5
CL_303,150,PAPUDO,LA LIGUA,5
CL_304,215,PAREDONES,PICHILEMU,6
CL_305,239,PARRAL,LINARES,7
CL_306,435,PEDRO AGUIRRE CERDA,SANTIAGO,13
CL_307,227,PELARCO,TALCA,7
CL_308,244,PELLUHUE,CAUQUENES,7
CL_309,262,PEMUCO,CHILLAN,16
CL_310,229,PENCAHUE,TALCA,7
CL_311,268,PENCO,CONCEPCION,8
CL_312,414,PEÑAFLOR,SANTIAGO,13
CL_313,427,PEÑALOLEN,SANTIAGO,13
CL_314,207,PERALILLO,SAN FERNANDO,6
CL_315,316,PERQUENCO,TEMUCO,9
CL_316,147,PETORCA,LA LIGUA,5
CL_317,190,PEUMO,RANCAGUA,6
CL_318,104,PICA,POZO ALMONTE,1
CL_319,193,PICHIDEGUA,RANCAGUA,6
CL_320,210,PICHILEMU,PICHILEMU,6
CL_321,247,PINTO,CHILLAN,16
CL_322,440,PIRQUE,SANTIAGO,13
CL_323,321,PITRUFQUEN,PITRUFQUEN,9
CL_324,203,PLACILLA,SAN FERNANDO,6
CL_325,251,PORTEZUELO,CHILLAN,16
CL_326,390,PORVENIR,PORVENIR,12
CL_327,105,POZO ALMONTE,POZO ALMONTE,1
CL_328,391,PRIMAVERA,PORVENIR,12
CL_329,421,PROVIDENCIA,SANTIAGO,13
CL_330,157,PUCHUNCAVI,PUCHUNCAVI,5
CL_331,326,PUCON,PUCON,9
CL_332,399,PUDAHUEL,SANTIAGO,13
CL_333,439,PUENTE ALTO,SANTIAGO,13
CL_334,351,PUERTO MONTT,PUERTO MONTT,10
CL_335,346,PUERTO OCTAY,OSORNO,10
CL_336,353,PUERTO VARAS,PUERTO VARAS,10
CL_337,209,PUMANQUE,SAN FERNANDO,6
CL_338,138,PUNITAQUI,OVALLE,4
CL_339,388,PUNTA ARENAS,PUNTA ARENAS,12
CL_340,364,PUQUELDON,CASTRO,10
CL_341,301,PUREN,ANGOL,9
CL_342,349,PURRANQUE,PURRANQUE,10
CL_343,176,PUTAENDO,SAN FELIPE,5
CL_344,110,PUTRE,PUTRE,15
CL_345,347,PUYEHUE,OSORNO,10
CL_346,362,QUEILEN,CASTRO,10
CL_347,363,QUELLON,QUELLON,10
CL_348,366,QUEMCHI,CASTRO,10
CL_349,293,QUILACO,LOS ANGELES,8
CL_350,401,QUILICURA,SANTIAGO,13
CL_351,289,QUILLECO,LOS ANGELES,8
CL_352,260,QUILLON,CHILLAN,16
CL_353,166,QUILLOTA,QUILLOTA,5
CL_354,154,QUILPUE,QUILPUE,5
CL_355,369,QUINCHAO,CASTRO,10
CL_356,199,QUINTA DE TILCOCO,RANCAGUA,6
CL_357,397,QUINTA NORMAL,SANTIAGO,13
CL_358,156,QUINTERO,QUINTERO,5
CL_359,249,QUIRIHUE,CHILLAN,16
CL_360,183,RANCAGUA,RANCAGUA,6
CL_361,264,RANQUIL,CHILLAN,16
CL_362,219,RAUCO,CURICO,7
CL_363,395,RECOLETA,SANTIAGO,13
CL_364,303,RENAICO,ANGOL,9
CL_365,400,RENCA,SANTIAGO,13
CL_366,194,RENGO,RANCAGUA,6
CL_367,195,REQUINOA,RANCAGUA,6
CL_368,240,RETIRO,LINARES,7
CL_369,182,RINCONADA,LOS ANDES,5
CL_370,342,RIO BUENO,LA UNION,14
CL_371,228,RIO CLARO,TALCA,7
CL_372,140,RIO HURTADO,OVALLE,4
CL_373,378,RIO IBANEZ,RIO IBANEZ,11
CL_374,348,RIO NEGRO,OSORNO,10
CL_375,386,RIO VERDE,PUNTA ARENAS,12
CL_376,218,ROMERAL,CURICO,7
CL_377,320,SAAVEDRA,TEMUCO,9
CL_378,224,SAGRADA FAMILIA,CURICO,7
CL_379,142,SALAMANCA,ILLAPEL,4
CL_380,160,SAN ANTONIO,SAN ANTONIO,5
CL_381,442,SAN BERNARDO,SANTIAGO,13
CL_382,254,SAN CARLOS,SAN CARLOS,16
CL_383,226,SAN CLEMENTE,TALCA,7
CL_384,181,SAN ESTEBAN,LOS ANDES,5
CL_385,256,SAN FABIAN,CHILLAN,16
CL_386,173,SAN FELIPE,SAN FELIPE,5
CL_387,200,SAN FERNANDO,SAN FERNANDO,6
CL_388,387,SAN GREGORIO,PUNTA ARENAS,12
CL_389,259,SAN IGNACIO,CHILLAN,16
CL_390,242,SAN JAVIER,LINARES,7
CL_391,436,SAN JOAQUIN,SANTIAGO,13
CL_392,441,SAN JOSE DE MAIPO,SANTIAGO,13
CL_393,350,SAN JUAN DE LA COSTA,OSORNO,10
CL_394,430,SAN MIGUEL,SANTIAGO,13
CL_395,257,SAN NICOLAS,CHILLAN,16
CL_396,345,SAN PABLO,OSORNO,10
CL_397,419,SAN PEDRO,MELIPILLA,13
CL_398,120,SAN PEDRO DE ATACAMA,CALAMA,2
CL_399,276,SAN PEDRO DE LA PAZ,CONCEPCION,8
CL_400,234,SAN RAFAEL,TALCA,7
CL_401,433,SAN RAMON,SANTIAGO,13
CL_402,296,SAN ROSENDO,LOS ANGELES,8
CL_403,192,SAN VICENTE,RANCAGUA,6
CL_404,287,SANTA BARBARA,LOS ANGELES,8
CL_405,204,SANTA CRUZ,SANTA CRUZ,6
CL_406,275,SANTA JUANA,CONCEPCION,8
CL_407,177,SANTA MARIA,SAN FELIPE,5
CL_408,394,SANTIAGO,SANTIAGO,13
CL_409,161,SANTO DOMINGO,SAN ANTONIO,5
CL_410,117,SIERRA GORDA,ANTOFAGASTA,2
CL_411,411,TALAGANTE,SANTIAGO,13
CL_412,225,TALCA,TALCA,7
CL_413,272,TALCAHUANO,CONCEPCION,8
CL_414,115,TALTAL,ANTOFAGASTA,2
CL_415,311,TEMUCO,TEMUCO,9
CL_416,217,TENO,TENO,7
CL_417,329,TEODORO SCHMIDT,TEMUCO,9
CL_418,125,TIERRA AMARILLA,COPIAPO,3
CL_419,410,TIL-TIL,SANTIAGO,13
CL_420,392,TIMAUKEL,PORVENIR,12
CL_421,285,TIRUA,LEBU,8
CL_422,112,TOCOPILLA,TOCOPILLA,2
CL_423,323,TOLTEN,TEMUCO,9
CL_424,271,TOME,CONCEPCION,8
CL_425,385,TORRES DEL PAINE,PUERTO NATALES,12
CL_426,381,TORTEL,COCHRANE,11
CL_427,306,TRAIGUEN,ANGOL,9
CL_428,253,TREHUACO,CHILLAN,16
CL_429,297,TUCAPEL,LOS ANGELES,8
CL_430,332,VALDIVIA,VALDIVIA,14
CL_431,126,VALLENAR,VALLENAR,3
CL_432,151,VALPARAISO,VALPARAISO,5
CL_433,221,VICHUQUEN,CURICO,7
CL_434,308,VICTORIA,VICTORIA,9
CL_435,134,VICUÑA,COQUIMBO,4
CL_436,312,VILCUN,TEMUCO,9
CL_437,241,VILLA ALEGRE,LINARES,7
CL_438,153,VILLA ALEMANA,VILLA ALEMANA,5
CL_439,325,VILLARRICA,VILLARRICA,9
CL_440,152,VIÑA DEL MAR,VIÑA DEL MAR,5
CL_441,428,VITACURA,SANTIAGO,13
CL_442,236,YERBAS BUENAS,LINARES,7
CL_443,294,YUMBEL,LOS ANGELES,8
CL_444,261,YUNGAY,CHILLAN,16
CL_445,149,ZAPALLAR,LA LIGUA,5
